<?xml version="1.0" encoding="UTF-8"?>
<project-private xmlns="http://www.netbeans.org/ns/project-private/1">
    <editor-bookmarks xmlns="http://www.netbeans.org/ns/editor-bookmarks/2" lastBookmarkId="0"/>
    <open-files xmlns="http://www.netbeans.org/ns/projectui-open-files/2">
        <group>
            <file>file:/C:/Users/Lenovo/Documents/NetBeansProjects/TallerJavaNetbeans/src/ejercicio1/ejercicio1.java</file>
            <file>file:/C:/Users/Lenovo/Documents/NetBeansProjects/TallerJavaNetbeans/src/ejercicio2/ejercicio2.java</file>
            <file>file:/C:/Users/Lenovo/Documents/NetBeansProjects/TallerJavaNetbeans/src/ejercicio3/ejercicio3.java</file>
            <file>file:/C:/Users/Lenovo/Documents/NetBeansProjects/TallerJavaNetbeans/src/ejercicio4/ejercicio4.java</file>
            <file>file:/C:/Users/Lenovo/Documents/NetBeansProjects/TallerJavaNetbeans/src/ejercicio5/ejercicio5.java</file>
        </group>
    </open-files>
</project-private>
